{"accuracy": [0.2747078537940979, 0.5114357471466064, 0.6172788143157959, 0.6716193556785583, 0.726961612701416, 0.7620200514793396, 0.7982470989227295, 0.8253756165504456, 0.8507512807846069, 0.8651919960975647, 0.8863939642906189, 0.8967445492744446, 0.9177796244621277, 0.9219532608985901, 0.9342237114906311, 0.9469950199127197, 0.9445742964744568, 0.9566777944564819, 0.9608514308929443, 0.960016667842865, 0.963939905166626, 0.9692821502685547, 0.9710350632667542, 0.9713689684867859, 0.9741235375404358, 0.9711185097694397, 0.9794657826423645, 0.9784641265869141, 0.9804674386978149, 0.9837228655815125], "loss": [1.957112431526184, 1.3818961381912231, 1.1083256006240845, 0.9559522867202759, 0.8104074001312256, 0.7067562937736511, 0.5984938144683838, 0.5242096185684204, 0.44527050852775574, 0.4113934338092804, 0.3446797728538513, 0.3070371747016907, 0.2509554624557495, 0.22792406380176544, 0.19871769845485687, 0.16004802286624908, 0.16598528623580933, 0.12986059486865997, 0.11936750262975693, 0.11893381923437119, 0.11059251427650452, 0.09364047646522522, 0.08371451497077942, 0.08511707931756973, 0.07787041366100311, 0.08798982203006744, 0.06691707670688629, 0.06896116584539413, 0.055739909410476685, 0.048779699951410294], "val_accuracy": [0.4300500750541687, 0.5913188457489014, 0.6654424071311951, 0.6871452331542969, 0.7328881621360779, 0.7689482569694519, 0.8013355731964111, 0.8287145495414734, 0.8196995258331299, 0.8377295732498169, 0.8654423952102661, 0.844407320022583, 0.8520867824554443, 0.8631051778793335, 0.8804674744606018, 0.8948246836662292, 0.8831385374069214, 0.8647746443748474, 0.9045075178146362, 0.9025041460990906, 0.8858096599578857, 0.8848080039024353, 0.9035058617591858, 0.9195325374603271, 0.913188636302948, 0.9071786403656006, 0.9021703004837036, 0.922871470451355, 0.9191986918449402, 0.9212020039558411], "val_loss": [1.5652590990066528, 1.155548095703125, 0.9723508358001709, 0.8706307411193848, 0.770555853843689, 0.6735343337059021, 0.5992748141288757, 0.5159439444541931, 0.5751582384109497, 0.4801432490348816, 0.40809881687164307, 0.4714142978191376, 0.49160873889923096, 0.5067799687385559, 0.3837655484676361, 0.3651334047317505, 0.37304022908210754, 0.47629696130752563, 0.34551751613616943, 0.4030745327472687, 0.35983848571777344, 0.4620485305786133, 0.36874938011169434, 0.3074929714202881, 0.31936556100845337, 0.3659678101539612, 0.3828870356082916, 0.3083474040031433, 0.31077325344085693, 0.31911492347717285]}